{"cameraMode":{"drawMode":0,"name":"Shaded","section":"Shading Mode"},"sceneLighting":true,"audioPlay":false,"sceneViewState":{"showFog":false,"showMaterialUpdate":false,"showSkybox":true,"showFlares":true,"showImageEffects":true,"showParticleSystems":true},"in2DMode":false,"pivot":{"x":-0.5959157347679138,"y":0.8471260070800781,"z":-8.166967391967774},"rotation":{"x":-0.5843158960342407,"y":0.0223886389285326,"z":-0.01612919010221958,"w":-0.8110595345497131},"size":10.817484855651856,"orthographic":false}